<?xml version="1.0" encoding="utf-16"?>
<Cafe xmlns:xsi="http://www.w3.org/2001/XMLSchema-instance" xmlns:xsd="http://www.w3.org/2001/XMLSchema">
  <Object>
    <Contexts>
      <Context>
        <TimeContext>
          <TimeRanges>
            <TimeRange>
              <RangeStart>
                <DateTime>
                  <date>2016-12-28</date>
                  <time>1:0:0</time>
                  <timezone uri="">Africa/Abidjan</timezone>
                </DateTime>
              </RangeStart>
              <RangeEnd>
                <DateTime>
                  <date>2016-12-28</date>
                  <time>1:0:0</time>
                  <timezone uri="">Africa/Abidjan</timezone>
                </DateTime>
              </RangeEnd>
            </TimeRange>
          </TimeRanges>
          <TimePeriods>
            <TimePeriod>
              <GeologicalTimePeriod>
                <geologicalEon uri="">Phanerozoic</geologicalEon>
                <geologicalEra uri="">Paleozoic</geologicalEra>
                <geologicalPeriod uri="">Neogene</geologicalPeriod>
                <geologicalEpoch uri="">Pleistocene</geologicalEpoch>
                <geologicalAge uri="">Zanclean</geologicalAge>
              </GeologicalTimePeriod>
            </TimePeriod>
          </TimePeriods>
          <TemporalResolutions>
            <TemporalResolution>
              <temporalExtentType uri="">Minute</temporalExtentType>
              <temporalResolutionType uri="">Minute</temporalResolutionType>
            </TemporalResolution>
          </TemporalResolutions>
        </TimeContext>
        <SpaceContext>
          <BoundingBoxes>
            <BoundingBox>
              <northBoundingCoordinate>37.01</northBoundingCoordinate>
              <southBoundingCoordinate>-11.68</southBoundingCoordinate>
              <eastBoundingCoordinate>24.99</eastBoundingCoordinate>
              <westBoundingCoordinate>-24.99</westBoundingCoordinate>
            </BoundingBox>
          </BoundingBoxes>
          <Elevations>
            <Elevation>
              <maximumElevation>800.00</maximumElevation>
              <maximumElevationUnit uri="">Kilometre</maximumElevationUnit>
              <minimumElevation>-500.00</minimumElevation>
              <minimumElevationUnit uri="">Kilometre</minimumElevationUnit>
              <elevationDatum uri="" />
            </Elevation>
          </Elevations>
          <SpatialResolutions>
            <SpatialResolution />
          </SpatialResolutions>
        </SpaceContext>
        <SphereContext>
          <Spheres />
        </SphereContext>
        <BiomeContext />
        <OrganismContext>
          <Organisms>
            <Organism>
              <Taxonomy>
                <class />
                <order />
                <family />
                <OrganismName>
                  <BacterialName>
                    <fullBacterialName>1</fullBacterialName>
                    <genusOrMonomial>1</genusOrMonomial>
                    <subgenus>1</subgenus>
                    <subgenusAuthorAndYear>1</subgenusAuthorAndYear>
                    <speciesEpithet>1</speciesEpithet>
                    <subspeciesEpithet>1</subspeciesEpithet>
                    <parentheticalAuthorTeamAndYear>1</parentheticalAuthorTeamAndYear>
                    <authorTeamAndYear>1</authorTeamAndYear>
                    <nameApprobation>1</nameApprobation>
                  </BacterialName>
                  <FungalName>
                    <fullFungalName>1</fullFungalName>
                  </FungalName>
                  <BotanicalName>
                    <fullBotanicalName>1</fullBotanicalName>
                    <genusOrMonomial>1</genusOrMonomial>
                    <firstEpithet>1</firstEpithet>
                    <infraspecificEpithet>1</infraspecificEpithet>
                    <hybridFlag>1</hybridFlag>
                    <authorTeamParenthesis>1</authorTeamParenthesis>
                    <authorTeam>1</authorTeam>
                    <cultivarGroupName>1</cultivarGroupName>
                    <cultivarName>1</cultivarName>
                  </BotanicalName>
                  <ZoologicalName>
                    <fullZoologicalName>1</fullZoologicalName>
                    <genusOrMonomial>1</genusOrMonomial>
                    <subgenus>1</subgenus>
                    <speciesEpithet>1</speciesEpithet>
                    <subspeciesEpithet>1</subspeciesEpithet>
                    <authorTeamOriginalAndYear>1</authorTeamOriginalAndYear>
                    <authorTeamParenthesisAndYear>1</authorTeamParenthesisAndYear>
                    <combinationAuthorTeamAndYear>1</combinationAuthorTeamAndYear>
                    <breed>1</breed>
                    <namedIndividual>1</namedIndividual>
                  </ZoologicalName>
                  <ViralName>
                    <fullViralName>1</fullViralName>
                    <genusOrMonomial>1</genusOrMonomial>
                    <viralSpeciesDesignation>1</viralSpeciesDesignation>
                    <acronym>1</acronym>
                  </ViralName>
                </OrganismName>
              </Taxonomy>
            </Organism>
          </Organisms>
        </OrganismContext>
        <ProcessContext>
          <Processes>
            <Process>
              <processName uri="">Extinction</processName>
              <processSubject uri="">Matter</processSubject>
              <processType uri="">Release</processType>
            </Process>
          </Processes>
        </ProcessContext>
        <ChemicalContext />
        <MethodContext>
          <DataFormats />
          <DataSources />
        </MethodContext>
      </Context>
    </Contexts>
    <References>
      <Persons>
        <Person />
      </Persons>
      <Descriptions>
        <title />
        <abstract />
      </Descriptions>
    </References>
    <Resources>
      <Resource>
        <OnlineResources>
          <OnlineResource>
            <Uris />
          </OnlineResource>
        </OnlineResources>
      </Resource>
    </Resources>
  </Object>
</Cafe>