<?xml version="1.0" encoding="utf-16"?><Ease xmlns:xsi="http://www.w3.org/2001/XMLSchema-instance" xmlns:xsd="http://www.w3.org/2001/XMLSchema"><Object><Contexts><Context><TimeContext><TimeRanges><TimeRange><RangeStart><DateTime><date>2017-02-01</date><time>0:0:0</time><timezone>Africa/Abidjan</timezone></DateTime></RangeStart><RangeEnd><DateTime><date>0001-01-01</date><time>0:0:0</time></DateTime></RangeEnd></TimeRange></TimeRanges><TimePeriods><TimePeriod /></TimePeriods></TimeContext><SpaceContext><BoundingBoxes /></SpaceContext><SphereContext><Spheres /></SphereContext><BiomeContext /><OrganismContext><Organisms /></OrganismContext><ChemicalContext /><MethodContext /></Context></Contexts><References><Persons><Person /></Persons><Descriptions><Description><title>AI 1056</title><abstract>More data, public</abstract></Description></Descriptions></References><Resources><Resource><OnlineResources><OnlineResource /></OnlineResources></Resource></Resources></Object></Ease>