<?xml version="1.0" encoding="utf-16"?><Ease xmlns:xsi="http://www.w3.org/2001/XMLSchema-instance" xmlns:xsd="http://www.w3.org/2001/XMLSchema"><Object><Contexts><Context><TimeContext><TimeRanges><TimeRange><RangeStart><DateTime><date>2017-03-01</date><time>0:0:0</time><timezone>Africa/Abidjan</timezone></DateTime></RangeStart><RangeEnd><DateTime><date>2017-03-01</date><time>23:59:59</time><timezone>Africa/Abidjan</timezone></DateTime></RangeEnd></TimeRange></TimeRanges><TimePeriods><TimePeriod><GeologicalTimePeriod><geologicalEon>New GeologicalEON</geologicalEon><geologicalEra>Neoarchean</geologicalEra><geologicalPeriod>Siderian</geologicalPeriod><geologicalEpoch>Lower</geologicalEpoch><geologicalAge>Middle</geologicalAge></GeologicalTimePeriod></TimePeriod></TimePeriods><TemporalResolutions><TemporalResolution><temporalExtentType>Minute</temporalExtentType><temporalResolutionType>Day</temporalResolutionType></TemporalResolution></TemporalResolutions></TimeContext><SpaceContext><BoundingBoxes><BoundingBox><northBoundingCoordinate>55.27</northBoundingCoordinate><southBoundingCoordinate>14.78</southBoundingCoordinate><eastBoundingCoordinate>32.73</eastBoundingCoordinate><westBoundingCoordinate>-17.26</westBoundingCoordinate></BoundingBox></BoundingBoxes><Elevations><Elevation><maximumElevation>493.00</maximumElevation><maximumElevationUnit uri="">km</maximumElevationUnit><minimumElevation>-354.00</minimumElevation><minimumElevationUnit uri="">km</minimumElevationUnit><elevationDatum uri="">sea level</elevationDatum></Elevation></Elevations><Coordinates><Coordinate><UtmCoordinate><utmCoordinateZone>34</utmCoordinateZone><utmCoordinateSubZone>T</utmCoordinateSubZone><utmCoordinateHemisphere uri="">N</utmCoordinateHemisphere><utmCoordinateEasting>454534.60</utmCoordinateEasting><utmCoordinateEastingUnit uri="">Metre</utmCoordinateEastingUnit><utmCoordinateNorthing>5315359.71</utmCoordinateNorthing><utmCoordinateNorthingUnit uri="">Metre</utmCoordinateNorthingUnit><utmCoordinateGeodeticDatum uri="">Wgs84</utmCoordinateGeodeticDatum></UtmCoordinate></Coordinate><Coordinate><UtmCoordinate><utmCoordinateZone>32</utmCoordinateZone><utmCoordinateSubZone>S</utmCoordinateSubZone><utmCoordinateHemisphere uri="">N</utmCoordinateHemisphere><utmCoordinateEasting>643317.06</utmCoordinateEasting><utmCoordinateEastingUnit uri="">Metre</utmCoordinateEastingUnit><utmCoordinateNorthing>3732666.25</utmCoordinateNorthing><utmCoordinateNorthingUnit uri="">Metre</utmCoordinateNorthingUnit><utmCoordinateGeodeticDatum uri="">Wgs84</utmCoordinateGeodeticDatum></UtmCoordinate></Coordinate></Coordinates><Locations><Location><locationName>Mulege Airport</locationName><locationType>Administrative Division</locationType><countryName>Libya</countryName><continentName>Asia</continentName></Location></Locations><SpatialResolutions><SpatialResolution><spatialExtentType>Plot</spatialExtentType><spatialResolutionType>Region</spatialResolutionType></SpatialResolution></SpatialResolutions></SpaceContext><SphereContext><Spheres /></SphereContext><BiomeContext /><OrganismContext><Organisms /></OrganismContext><ChemicalContext /><MethodContext /></Context></Contexts><References><Hosters><Hoster><hosterName>PANGEAE</hosterName></Hoster></Hosters><Persons><Person><givenName>Serhiy</givenName><surName>Kozhevnikov</surName><emailAddress>serega1@gmx.net</emailAddress></Person></Persons><Descriptions><Description><title>AI 1535</title><abstract>Private, space full</abstract></Description></Descriptions></References><Resources><Resource /></Resources></Object></Ease>