<?xml version="1.0" encoding="utf-16"?><Ease xmlns:xsi="http://www.w3.org/2001/XMLSchema-instance" xmlns:xsd="http://www.w3.org/2001/XMLSchema"><Object><Contexts><Context><TimeContext /><SpaceContext><BoundingBoxes /></SpaceContext><SphereContext><Spheres /></SphereContext><BiomeContext /><OrganismContext><Organisms /></OrganismContext><ChemicalContext /><MethodContext /></Context></Contexts><References><Hosters><Hoster><hosterName>PANGEAE</hosterName></Hoster><Hoster><hosterName>ENA</hosterName></Hoster><Hoster><hosterName>BGBM</hosterName></Hoster><Hoster><hosterName>DSMZ</hosterName></Hoster><Hoster><hosterName>SMNS</hosterName></Hoster><Hoster><hosterName>SNSB</hosterName></Hoster><Hoster><hosterName>MfN</hosterName></Hoster><Hoster><hosterName>SGN</hosterName></Hoster><Hoster><hosterName>ZFMK</hosterName></Hoster></Hosters><Persons><Person><givenName>Serhiy</givenName><surName>Kozhevnikov</surName><emailAddress>serega1@gmx.net</emailAddress></Person></Persons><Descriptions><Description><title>AI 1308</title><abstract>Explicit: adminFirst</abstract></Description></Descriptions></References><Resources><Resource /></Resources></Object></Ease>