<?xml version="1.0" encoding="utf-16"?><Ease xmlns:xsi="http://www.w3.org/2001/XMLSchema-instance" xmlns:xsd="http://www.w3.org/2001/XMLSchema"><Object><Contexts><Context><TimeContext /><SpaceContext><BoundingBoxes /></SpaceContext><SphereContext><Spheres /></SphereContext><BiomeContext /><OrganismContext><Organisms /></OrganismContext><ChemicalContext /><MethodContext /></Context></Contexts><References><Hosters><Hoster><hosterName>PANGEAE</hosterName></Hoster><Hoster><hosterName>BGBM</hosterName></Hoster></Hosters><Persons><Person><position>Contact</position><givenName>Administrator</givenName><surName>First</surName><emailAddress>admin@cafe.com</emailAddress><phoneNumber>+380951234567</phoneNumber></Person><Person><givenName>Serhiy</givenName><surName>Kozhevnikov</surName><emailAddress>serega1@gmx.net</emailAddress></Person></Persons><Descriptions><Description><title>Ai 0828</title><abstract>Private, one file attached, 2 persons</abstract></Description></Descriptions></References><Resources><Resource><OfflineResources><OfflineResource><fileName>Cuckoo-bird-song.mp3</fileName><filePath>http://localhost:53490/Api/UserFiles/GetUserFile/85007aac-f337-463f-b90b-5c5bb6054764</filePath><dataFormat>audio/mpeg</dataFormat></OfflineResource></OfflineResources></Resource></Resources></Object></Ease>