<?xml version="1.0" encoding="utf-16"?><Ease xmlns:xsi="http://www.w3.org/2001/XMLSchema-instance" xmlns:xsd="http://www.w3.org/2001/XMLSchema"><Object><Contexts><Context><TimeContext><TimeRanges><TimeRange><RangeStart><DateTime><date>2017-01-01</date><time>0:1:0</time><timezone>Etc/GMT+1</timezone></DateTime></RangeStart><RangeEnd><DateTime><date>2017-12-31</date><time>23:59:0</time><timezone>Etc/GMT+1</timezone></DateTime></RangeEnd></TimeRange></TimeRanges><TimePeriods><TimePeriod /></TimePeriods></TimeContext><SpaceContext><BoundingBoxes /></SpaceContext><SphereContext><Spheres /></SphereContext><BiomeContext /><OrganismContext><Organisms /></OrganismContext><ChemicalContext /><MethodContext /></Context></Contexts><References><Persons><Person /></Persons><Descriptions><Description><title>AI 1103</title><abstract>TimeRanges 2017</abstract></Description></Descriptions></References><Resources><Resource><OnlineResources><OnlineResource /></OnlineResources></Resource></Resources></Object></Ease>