<?xml version="1.0" encoding="utf-16"?><Ease xmlns:xsi="http://www.w3.org/2001/XMLSchema-instance" xmlns:xsd="http://www.w3.org/2001/XMLSchema"><Object><Contexts><Context><TimeContext /><SpaceContext><BoundingBoxes /></SpaceContext><SphereContext><Spheres /></SphereContext><BiomeContext /><OrganismContext><Organisms /></OrganismContext><ChemicalContext /><MethodContext /></Context></Contexts><References><Persons><Person><givenName>Serhiy</givenName><surName>Kozhevnikov</surName><emailAddress>serhiy.kozhevnikov@gmail.com</emailAddress></Person><Person><position>Co-Autor</position><salutation>Prof.</salutation><givenName>Administrator</givenName><surName>First</surName><emailAddress>admin@cafe.com</emailAddress><phoneNumber>+380951234567</phoneNumber></Person></Persons><Descriptions><Description><title>2048 AI</title><abstract>Private, 2 persons</abstract></Description></Descriptions></References><Resources><Resource /></Resources></Object></Ease>